<ie>
    <plugins>
        <plugin name="AUTO" location="AutoPlugin.dll">
        </plugin>
        <plugin name="GNA" location="GNAPlugin.dll">
        </plugin>
        <plugin name="HETERO" location="HeteroPlugin.dll">
        </plugin>
        <plugin name="CPU" location="MKLDNNPlugin.dll">
        </plugin>
        <plugin name="MULTI" location="MultiDevicePlugin.dll">
        </plugin>
        <plugin name="GPU" location="clDNNPlugin.dll">
        </plugin>
        <plugin name="MYRIAD" location="myriadPlugin.dll">
        </plugin>
        <plugin name="HDDL" location="HDDLPlugin.dll">
        </plugin>
        <plugin name="VPUX" location="VPUXPlugin.dll">
        </plugin>
    </plugins>
</ie>